{
    "tdk_l": {
        "n": 8,
        "l": 81.85958710867011,
        "b": 65.75718970879191,
        "r": 40,
        "h1": 40,
        "h2": 55,
        "stories": 1,
        "a": 30.614674589207183,
        "r_p": 61.40941373800134,
        "nb_stable": 2,
        "m": 1.0,
        "color": "#65e7f8"
    },
    "tdk_p20": {
        "n": 8,
        "l": 87.357717746622,
        "b": 73.27092977505829,
        "r": 40,
        "h1": 46.568542494923804,
        "h2": 66.5685424949238,
        "stories": 1,
        "a": 30.614674589207183,
        "r_p": 70.0,
        "nb_stable": 2,
        "m": 1.0,
        "color": "#65e7f8"
    },
    "tdk_p20_m08": {
        "n": 8,
        "l": 75.3465107348627,
        "b": 62.184429884668226,
        "r": 40,
        "h1": 35.254833995939045,
        "h2": 55.254833995939045,
        "m": 0.8,
        "a": 30.614674589207183,
        "r_p": 60.52806582885104,
        "nb_stable": 2,
        "color": "#f030d0"
    }
}