{
    "tdk_l": {
        "n": 8,
        "l": 81.85958710867011,
        "b": 65.75718970879191,
        "r": 40,
        "h1": 40,
        "h2": 55,
        "etages": 1,
        "a": 30.614674589207183,
        "r_p": 61.40941373800134,
        "nb_stable": 2
    }
}