{
    "3tower_p20": {
        "name": "3tower_p20",
        "towers": [
            {
                "n": 8,
                "l": 87.357717746622,
                "b": 73.27092977505829,
                "r": 40,
                "h1": 46.568542494923804,
                "h2": 66.5685424949238,
                "m": 1.0,
                "a": 30.614674589207183,
                "r_p": 70.0,
                "nb_stable": 2,
                "color": "#15ffff"
            },
            {
                "n": 8,
                "l": 87.357717746622,
                "b": 73.27092977505829,
                "r": 40,
                "h1": 46.568542494923804,
                "h2": 66.5685424949238,
                "m": 1.0,
                "a": 30.614674589207183,
                "r_p": 70.0,
                "nb_stable": 2,
                "color": "#ae22ca"
            },
            {
                "n": 8,
                "l": 87.357717746622,
                "b": 73.27092977505829,
                "r": 40,
                "h1": 46.568542494923804,
                "h2": 66.5685424949238,
                "m": 1.0,
                "a": 30.614674589207183,
                "r_p": 70.0,
                "nb_stable": 2,
                "color": "#bb1a85"
            }
        ],
        "chiralities": [
            false,
            false,
            false
        ]
    },
    "TDK_Tower_n8_h40.0-60.0_r60A_h38.27-53.27_r40A": {
        "name": "TDK_Tower_n8_h40.0-60.0_r60A_h38.27-53.27_r40A",
        "towers": [
            {
                "n": 8,
                "l": 97.92634448421589,
                "b": 77.52696986184021,
                "r": 60,
                "h1": 40,
                "h2": 60,
                "m": 0.6666666666666666,
                "a": 45.922011883810775,
                "r_p": 75.85612324383554,
                "nb_stable": 2,
                "color": "#71f865"
            },
            {
                "n": 8,
                "l": 75.58239348924396,
                "b": 61.94939482238949,
                "r": 40,
                "h1": 38.270764273841905,
                "h2": 53.270764273841905,
                "m": 0.8,
                "a": 30.614674589207183,
                "r_p": 60.02654284282859,
                "nb_stable": 2,
                "color": "#ca65f8"
            }
        ],
        "chiralities": [
            false,
            false
        ]
    }
}