{
    "3tower_p20": {
        "name": "3tower_p20",
        "towers": [
            {
                "n": 8,
                "l": 87.357717746622,
                "b": 73.27092977505829,
                "r": 40,
                "h1": 46.568542494923804,
                "h2": 66.5685424949238,
                "m": 1.0,
                "a": 30.614674589207183,
                "r_p": 70.0,
                "nb_stable": 2,
                "color": "#15ffff"
            },
            {
                "n": 8,
                "l": 87.357717746622,
                "b": 73.27092977505829,
                "r": 40,
                "h1": 46.568542494923804,
                "h2": 66.5685424949238,
                "m": 1.0,
                "a": 30.614674589207183,
                "r_p": 70.0,
                "nb_stable": 2,
                "color": "#ae22ca"
            },
            {
                "n": 8,
                "l": 87.357717746622,
                "b": 73.27092977505829,
                "r": 40,
                "h1": 46.568542494923804,
                "h2": 66.5685424949238,
                "m": 1.0,
                "a": 30.614674589207183,
                "r_p": 70.0,
                "nb_stable": 2,
                "color": "#bb1a85"
            }
        ],
        "chiralities": [
            false,
            false,
            false
        ]
    }
}